doc_id,source_file,page,paragraph_index,paragraph_id,text,char_len
business_continuity_plan,business_continuity_plan.pdf,1,0,business_continuity_plan::p0001::i0000::068fe8231966,Business Continuity Plan Summary Version 2.0 - January 2025 Classification: INTERNAL,84
business_continuity_plan,business_continuity_plan.pdf,2,0,business_continuity_plan::p0002::i0000::55b3a34589dd,"1. Purpose and Scope This Business Continuity Plan (BCP) outlines the procedures to maintain essential business functions during and after a disruptive event. Events covered include: natural disasters, cyber attacks, pandemic, loss of key personnel, supplier failure, and infrastructure failure. The BCP covers all business units and functions.",344
business_continuity_plan,business_continuity_plan.pdf,2,1,business_continuity_plan::p0002::i0001::d74958bf3cdd,Critical business functions have been identified through a Business Impact Analysis (BIA) and are listed in Appendix A. Each critical function has a documented Maximum Tolerable Downtime (MTD) and recovery procedures. The BCP is maintained by the Business Continuity Manager and reviewed by the Crisis Management Team quarterly.,328
business_continuity_plan,business_continuity_plan.pdf,2,2,business_continuity_plan::p0002::i0002::47f3a092392f,Full plan testing (tabletop exercise or live test) is conducted annually.,73
business_continuity_plan,business_continuity_plan.pdf,3,0,business_continuity_plan::p0003::i0000::4f42aa64590b,"2. Crisis Management Team The Crisis Management Team (CMT) consists of: Chief Executive (Chair), Chief Operating Officer, Chief Information Security Officer, Head of Communications, Head of HR, Head of Facilities, and the Business Continuity Manager (Secretary). The CMT is activated when a disruptive event exceeds the capacity of normal operational management.",362
business_continuity_plan,business_continuity_plan.pdf,3,1,business_continuity_plan::p0003::i0001::bd96da38138b,"Activation is triggered by the COO or, in their absence, the most senior available member of the CMT. The CMT operates from the primary Crisis Management Room (Building A, Room G-01). If the primary location is unavailable, the secondary location (Building B, Room 2-15) is used. If neither is available, the CMT convenes virtually using the emergency Teams channel.",366
business_continuity_plan,business_continuity_plan.pdf,3,2,business_continuity_plan::p0003::i0002::5cd506df2a59,"CMT decisions are documented in real-time by the Secretary using the Crisis Log template. Post-incident, the Crisis Log forms the basis of the post-incident review report.",171
business_continuity_plan,business_continuity_plan.pdf,4,0,business_continuity_plan::p0004::i0000::40860e5c8c33,"3. Communication Procedures Internal communication during a crisis is managed through the Mass Notification System (MNS). All employees must ensure their contact details (mobile phone, personal email) are up to date in the HRIS. The MNS sends simultaneous notifications via SMS, email, and push notification. Test messages are sent quarterly to verify system functionality and contact data accuracy.",399
business_continuity_plan,business_continuity_plan.pdf,4,1,business_continuity_plan::p0004::i0001::fb4cd4422cb3,"External communication during a crisis is managed exclusively by the Head of Communications. No other employee is authorised to make statements to media, regulators, or external stakeholders without explicit approval from the CMT.",230
business_continuity_plan,business_continuity_plan.pdf,4,2,business_continuity_plan::p0004::i0002::ed7e403ae057,"Customer and partner notifications follow the Communication Protocol (BCP-003), which specifies templates, approval chains, and timing requirements for different incident categories. Social media monitoring is intensified during crisis events. The Communications team monitors all major platforms and responds to queries/misinformation in accordance with the approved messaging framework.",388
business_continuity_plan,business_continuity_plan.pdf,5,0,business_continuity_plan::p0005::i0000::87741b18e9c0,4. IT Disaster Recovery IT disaster recovery procedures are documented separately in the IT DR Plan (ITDR-001). The following provides a summary of key recovery objectives.,172
business_continuity_plan,business_continuity_plan.pdf,5,1,business_continuity_plan::p0005::i0001::4dc89c84abf8,"Recovery priorities are categorised as: Tier 1 -- restore within 4 hours (email, authentication, VPN, core business applications), Tier 2 -- restore within 24 hours (HRIS, financial systems, document management), Tier 3 -- restore within 72 hours (development environments, training systems, analytics platforms).",313
business_continuity_plan,business_continuity_plan.pdf,5,2,business_continuity_plan::p0005::i0002::24d4d4d635a9,All Tier 1 systems operate in active-active or active-passive high-availability configurations across two geographically separated data centres. Tier 2 and 3 systems are recovered from daily backups. Backup strategy: Tier 1 systems -- continuous replication with 15-minute RPO; Tier 2 systems -- 4-hourly snapshots with 4-hour RPO; Tier 3 systems -- daily backups with 24-hour RPO.,381
business_continuity_plan,business_continuity_plan.pdf,5,3,business_continuity_plan::p0005::i0003::c6094c65bf63,"DR failover testing is conducted semi-annually. Each test involves a full failover of at least two Tier 1 systems to the secondary data centre, with success criteria including: successful failover within RTO, data integrity verification, and user acceptance testing.",266
business_continuity_plan,business_continuity_plan.pdf,5,4,business_continuity_plan::p0005::i0004::6eab47bb0125,"Cyber-specific recovery procedures include: network isolation of affected segments, forensic preservation of evidence, clean restoration from known-good backups, and progressive reconnection with continuous monitoring.",218
business_continuity_plan,business_continuity_plan.pdf,6,0,business_continuity_plan::p0006::i0000::0e4cf438700a,5. Business Recovery Procedures Each department maintains a Department Recovery Plan (DRP) that details how critical functions will be maintained during a disruption. DRPs must be reviewed and updated at least annually.,219
business_continuity_plan,business_continuity_plan.pdf,6,1,business_continuity_plan::p0006::i0001::1b79d125164c,"Work relocation options include: remote working (for disruptions affecting office premises), relocation to the backup office site (Building C, available at 24 hours notice with capacity for 150 staff), and buddy arrangements with named partner organisations. Staff welfare during a crisis is coordinated by HR.",310
business_continuity_plan,business_continuity_plan.pdf,6,2,business_continuity_plan::p0006::i0002::804a02362ded,"This includes: regular communication updates, access to the Employee Assistance Programme (EAP), flexible working arrangements, and additional leave provisions where appropriate. Supply chain continuity is managed by the Procurement team. Critical suppliers have been identified through the BIA and are subject to annual business continuity assessments.",353
business_continuity_plan,business_continuity_plan.pdf,6,3,business_continuity_plan::p0006::i0003::3614ede12ed6,"Alternative suppliers are pre-qualified for all single-source dependencies. Financial provisions for crisis response, including emergency expenditure authorisation limits, are documented in the Finance appendix to this plan. The CFO has delegated authority for emergency spending up to 500,000 GBP without board approval.",321
business_continuity_plan,business_continuity_plan.pdf,7,0,business_continuity_plan::p0007::i0000::d58cc83f5edc,"6. Plan Testing and Maintenance The BCP testing programme includes: quarterly tabletop exercises (scenario-based discussions), annual simulation exercises (partial activation of recovery procedures), and biennial full-scale tests (complete plan activation).",257
business_continuity_plan,business_continuity_plan.pdf,7,1,business_continuity_plan::p0007::i0001::eb1246b7ca75,"Testing results are documented in the Test Report template (BCP-005), including: scenario description, participants, actions taken, issues identified, and improvement recommendations. Identified improvements are tracked in the BCP Improvement Register and assigned to responsible owners with target completion dates. Progress is reported to the CMT quarterly.",359
business_continuity_plan,business_continuity_plan.pdf,7,2,business_continuity_plan::p0007::i0002::14ab85e421af,"All employees must be aware of their roles and responsibilities under the BCP. Annual business continuity awareness is included in the mandatory security awareness training programme. Department heads are responsible for maintaining their DRP, participating in testing exercises, and ensuring their teams are trained in recovery procedures.",340
business_continuity_plan,business_continuity_plan.pdf,7,3,business_continuity_plan::p0007::i0003::11c6fd89e99a,DRP compliance is included in the annual departmental audit.,60
hr_procedures_manual,hr_procedures_manual.pdf,1,0,hr_procedures_manual::p0001::i0000::269fd6c9de54,HR Procedures Manual Version 2.0 - January 2025 Classification: INTERNAL,72
hr_procedures_manual,hr_procedures_manual.pdf,2,0,hr_procedures_manual::p0002::i0000::a364864d4789,1. Purpose This HR Procedures Manual provides operational guidance for managers and HR Business Partners on key people processes. It supplements the Employee Handbook and should be read in conjunction with company policies.,223
hr_procedures_manual,hr_procedures_manual.pdf,2,1,hr_procedures_manual::p0002::i0001::8f3cd99ab52d,"All procedures described herein have been reviewed by the Legal team for compliance with UK employment law, including the Employment Rights Act 1996, the Equality Act 2010, and the Working Time Regulations 1998.",211
hr_procedures_manual,hr_procedures_manual.pdf,3,0,hr_procedures_manual::p0003::i0000::aec87e32095a,2. Recruitment and Selection All vacancies must be approved by the department budget holder and HR before advertising. The Recruitment Authorisation Form (HR-001) must be completed and signed. Job descriptions must be reviewed by HR for compliance with equal opportunities legislation before publication.,304
hr_procedures_manual,hr_procedures_manual.pdf,3,1,hr_procedures_manual::p0003::i0001::c3a662c3bab4,"All roles must specify essential and desirable criteria based on objective, job-related requirements. Interview panels must include at least two interviewers, one of whom must have completed Unconscious Bias Training within the last 12 months. Panel composition should reflect diversity where possible. All candidates must undergo right-to-work verification before their start date.",382
hr_procedures_manual,hr_procedures_manual.pdf,3,2,hr_procedures_manual::p0003::i0002::04a71c2961b2,"Offers of employment are conditional upon satisfactory completion of background checks, reference verification, and, where applicable, DBS (Disclosure and Barring Service) checks. The standard offer process involves: verbal offer by the Hiring Manager, formal written offer from HR within 2 working days, and a 5-working-day acceptance window.",343
hr_procedures_manual,hr_procedures_manual.pdf,4,0,hr_procedures_manual::p0004::i0000::3a0d666b6de8,"3. Onboarding All new starters must receive their onboarding pack at least 3 working days before their start date. The pack includes: contract of employment, IT equipment request form, building access application, and pre-reading materials.",240
hr_procedures_manual,hr_procedures_manual.pdf,4,1,hr_procedures_manual::p0004::i0001::dd27fc0421a8,"First-day induction is facilitated by HR and includes: company overview, health and safety briefing, IT orientation, security awareness training enrolment, and introductions to key contacts. New starters must complete mandatory training modules within their first 30 days: Security Awareness, Data Protection (GDPR), Anti-Bribery, Health and Safety, and Equality and Diversity.",377
hr_procedures_manual,hr_procedures_manual.pdf,4,2,hr_procedures_manual::p0004::i0002::68e78ccd9251,"Line managers must schedule a structured 90-day onboarding plan, including weekly 1:1 meetings during the first month and fortnightly thereafter. A formal probation review is conducted at 3 months and 6 months. New employees are assigned a buddy from within their team who serves as an informal point of contact for questions and cultural orientation during the first 3 months.",377
hr_procedures_manual,hr_procedures_manual.pdf,5,0,hr_procedures_manual::p0005::i0000::5e3d1ba6ccd8,"4. Performance Management Annual performance reviews are conducted in March each year, covering the previous financial year (April-March). Mid-year reviews are conducted in September. Performance is assessed against three dimensions: Role Objectives (50% weighting), Competency Behaviours (30% weighting), and Development Goals (20% weighting).",344
hr_procedures_manual,hr_procedures_manual.pdf,5,1,hr_procedures_manual::p0005::i0001::b5fe0fb0b0f2,"All objectives must be SMART (Specific, Measurable, Achievable, Relevant, Time-bound). A minimum of 3 and maximum of 5 objectives should be set per review cycle. Performance ratings use a 5-point scale: 1 (Exceptional), 2 (Exceeds Expectations), 3 (Meets Expectations), 4 (Partially Meets), 5 (Does Not Meet). Rating calibration sessions are held at department level before finalisation.",387
hr_procedures_manual,hr_procedures_manual.pdf,5,2,hr_procedures_manual::p0005::i0002::cdca5a88de58,"Employees rated 4 or 5 are placed on a Performance Improvement Plan (PIP) with clear targets, support measures, and a review period of 60-90 days. Failure to improve may result in further action under the Disciplinary Procedure.",228
hr_procedures_manual,hr_procedures_manual.pdf,6,0,hr_procedures_manual::p0006::i0000::c5b562c71675,5. Absence Management All sickness absences must be reported to the line manager by 09:30 on the first day of absence. Self-certification is accepted for absences of up to 7 calendar days. A GP fit note is required from the 8th calendar day. Absence is monitored using the Bradford Factor. Employees reaching a Bradford Factor score of 200 will receive a formal absence review meeting.,385
hr_procedures_manual,hr_procedures_manual.pdf,6,1,hr_procedures_manual::p0006::i0001::deb71c875e84,"A score of 500 triggers a written warning. Long-term sickness (28+ consecutive calendar days) requires referral to Occupational Health. Return-to-work plans must be agreed between the employee, line manager, HR, and OH, with reasonable adjustments considered under the Equality Act 2010. Annual leave entitlement is 25 days plus bank holidays.",343
hr_procedures_manual,hr_procedures_manual.pdf,6,2,hr_procedures_manual::p0006::i0002::8c5195f8b5ea,"Employees with 5+ years of service receive an additional day per year, up to a maximum of 30 days. Carry-over of up to 5 unused days is permitted with line manager approval. Requests for unpaid leave, sabbaticals, or career breaks must be submitted to HR at least 3 months in advance. Approval is at the discretion of the department head and HR Director.",354
hr_procedures_manual,hr_procedures_manual.pdf,7,0,hr_procedures_manual::p0007::i0000::79d6a3fb9ccd,"6. Disciplinary Procedure The disciplinary procedure applies to all employees who have completed their probation period. Probationary employees are subject to a separate process as outlined in their contract of employment. The disciplinary procedure follows ACAS guidelines and consists of: investigation, disciplinary hearing, decision, and right of appeal.",358
hr_procedures_manual,hr_procedures_manual.pdf,7,1,hr_procedures_manual::p0007::i0001::f2b6645b4c32,"Employees have the right to be accompanied by a trade union representative or work colleague at all formal stages. Disciplinary sanctions may include: Stage 1 -- verbal warning (valid 6 months), Stage 2 -- first written warning (valid 12 months), Stage 3 -- final written warning (valid 18 months), Stage 4 -- dismissal with notice.",332
hr_procedures_manual,hr_procedures_manual.pdf,7,2,hr_procedures_manual::p0007::i0002::cef9524b4372,"Gross misconduct may result in summary dismissal without prior warnings. Examples include: theft, fraud, violent behaviour, deliberate damage to company property, serious breach of security policies, and discrimination or harassment. All disciplinary records are maintained in the employee's personal file for the duration of the sanction.",339
hr_procedures_manual,hr_procedures_manual.pdf,7,3,hr_procedures_manual::p0007::i0003::d7c4d5d65724,Expired warnings are retained but not used as active precedents unless there is a pattern of similar behaviour.,111
hr_procedures_manual,hr_procedures_manual.pdf,8,0,hr_procedures_manual::p0008::i0000::559a594dc2ac,7. Grievance Procedure Employees who wish to raise a formal grievance should submit their complaint in writing to the HR Business Partner for their department. The grievance will be acknowledged within 2 working days. A grievance hearing will be scheduled within 10 working days of receipt.,290
hr_procedures_manual,hr_procedures_manual.pdf,8,1,hr_procedures_manual::p0008::i0001::cedb99dfaf25,"The hearing will be conducted by a manager who is not involved in the matter being grieved and who has been trained in grievance resolution. The outcome of the grievance hearing will be communicated in writing within 5 working days. Possible outcomes include: grievance upheld (with specified remedial action), grievance partially upheld, or grievance not upheld.",363
hr_procedures_manual,hr_procedures_manual.pdf,8,2,hr_procedures_manual::p0008::i0002::01ccd9d70161,Employees have the right to appeal the grievance decision within 10 working days. The appeal will be heard by a more senior manager not previously involved. The appeal decision is final. The company encourages informal resolution of workplace disputes before formal grievance procedures are invoked. Mediation services are available through the HR team.,353
hr_procedures_manual,hr_procedures_manual.pdf,9,0,hr_procedures_manual::p0009::i0000::ceb3a6266920,"8. Leaving the Company Employees resigning from the company must provide notice in writing as specified in their contract. The standard notice period is: 1 month for employees below senior management, 3 months for senior managers and directors. Exit interviews are conducted by HR for all departing employees. Participation is voluntary but encouraged.",352
hr_procedures_manual,hr_procedures_manual.pdf,9,1,hr_procedures_manual::p0009::i0001::1646c1c409f6,"Exit interview data is analysed quarterly to identify trends in attrition and areas for improvement. During the notice period, employees must: return all company property (laptop, badge, phone, documents), complete knowledge transfer activities as directed by their manager, and cooperate with handover plans. IT access is revoked at 17:00 on the employee's last working day.",375
hr_procedures_manual,hr_procedures_manual.pdf,9,2,hr_procedures_manual::p0009::i0002::7121ca2702e5,"Building access badges must be returned to reception. Any company data on personal devices must be deleted, and BYOD containers are remotely wiped. Final salary payments, including accrued holiday and any outstanding expenses, are processed in the next scheduled payroll run following the leaving date.",302
internal_policy_handbook_v2,internal_policy_handbook_v2.pdf,1,0,internal_policy_handbook_v2::p0001::i0000::cdb4351a4c4c,Internal Policy Handbook Version 2.0 - January 2025 Classification: INTERNAL,76
internal_policy_handbook_v2,internal_policy_handbook_v2.pdf,2,0,internal_policy_handbook_v2::p0002::i0000::26755fe4b5b4,"1. Introduction and Scope This Internal Policy Handbook outlines the policies, procedures, and standards that govern employee conduct and organisational operations. It applies to all full-time, part-time, and contract employees. All employees are expected to read and understand this handbook upon joining the company.",318
internal_policy_handbook_v2,internal_policy_handbook_v2.pdf,2,1,internal_policy_handbook_v2::p0002::i0001::96ceff2d885e,"Failure to comply with any policy herein may result in disciplinary action, up to and including termination of employment. This handbook supersedes all previous versions of the employee policy manual. Any amendments will be communicated through official company channels and staff are required to acknowledge receipt of updates within 14 calendar days.",352
internal_policy_handbook_v2,internal_policy_handbook_v2.pdf,2,2,internal_policy_handbook_v2::p0002::i0002::b38075dac08b,"The policies contained in this document have been developed in consultation with legal counsel, the HR department, and senior management. They are reviewed annually and updated as necessary to reflect changes in legislation and best practice.",242
internal_policy_handbook_v2,internal_policy_handbook_v2.pdf,3,0,internal_policy_handbook_v2::p0003::i0000::06a108ae6638,"2. Remote Work Policy Employees are permitted to work remotely up to 3 days per week, subject to line manager approval. Remote work arrangements must be documented using the Remote Work Agreement Form (HR-007) and renewed every 6 months. All remote work must be performed from a secure, private location within the United Kingdom.",330
internal_policy_handbook_v2,internal_policy_handbook_v2.pdf,3,1,internal_policy_handbook_v2::p0003::i0001::15d93e095fce,"Working from public spaces such as cafes, libraries, or co-working spaces on sensitive data is not permitted without prior authorisation from the IT Security team. Employees working remotely must be available during core business hours (09:00-17:00 GMT) and must respond to communications within 30 minutes during these hours.",326
internal_policy_handbook_v2,internal_policy_handbook_v2.pdf,3,2,internal_policy_handbook_v2::p0003::i0002::4ff99839f515,Flexible scheduling outside core hours requires written approval from the department head. Remote workers must use company-provided equipment and connect through the corporate VPN at all times. Use of personal devices for work purposes is governed by the BYOD policy (Section 13).,280
internal_policy_handbook_v2,internal_policy_handbook_v2.pdf,3,3,internal_policy_handbook_v2::p0003::i0003::4ac9f6f1cedd,The company reserves the right to revoke remote work privileges with 5 working days notice if performance targets are not met or if security requirements are breached. Remote workers are responsible for ensuring their home workspace meets health and safety requirements as outlined in the DSE (Display Screen Equipment) assessment policy. The company will provide ergonomic equipment upon request.,397
internal_policy_handbook_v2,internal_policy_handbook_v2.pdf,4,0,internal_policy_handbook_v2::p0004::i0000::11385c4051c6,"3. Data Security and Classification Policy All company data must be classified according to the four-tier classification scheme: PUBLIC, INTERNAL, CONFIDENTIAL, and RESTRICTED. Data owners are responsible for assigning the correct classification level upon creation. PUBLIC data may be freely shared outside the organisation.",325
internal_policy_handbook_v2,internal_policy_handbook_v2.pdf,4,1,internal_policy_handbook_v2::p0004::i0001::f451aa76ca7f,"Examples include marketing materials, press releases, and published research papers. INTERNAL data is for company-wide use and should not be shared externally without approval. Examples include internal memos, meeting minutes, organisational charts, and non-sensitive operational data. CONFIDENTIAL data requires explicit authorisation for access and must be encrypted in transit and at rest.",392
internal_policy_handbook_v2,internal_policy_handbook_v2.pdf,4,2,internal_policy_handbook_v2::p0004::i0002::1d3584a02db9,"Examples include employee personal data, financial reports, customer lists, salary information, and strategic plans. RESTRICTED data is the highest classification level and is limited to named individuals with a documented need-to-know. Examples include board-level discussions, M&A documentation, and security audit reports. RESTRICTED data must be stored only on approved encrypted systems.",392
internal_policy_handbook_v2,internal_policy_handbook_v2.pdf,4,3,internal_policy_handbook_v2::p0004::i0003::4d117dedb93a,"Sharing of CONFIDENTIAL or RESTRICTED data externally requires written approval from the data owner and the Chief Information Security Officer. All external data transfers must use approved encrypted channels. Data classification labels must be included in document headers and footers. Electronic files must include the classification in the filename suffix (e.g., report_Q4_CONFIDENTIAL.pdf).",394
internal_policy_handbook_v2,internal_policy_handbook_v2.pdf,4,4,internal_policy_handbook_v2::p0004::i0004::9087d5809fff,"Misclassification of data, whether intentional or negligent, constitutes a policy violation and will be investigated by the Data Governance team.",145
internal_policy_handbook_v2,internal_policy_handbook_v2.pdf,5,0,internal_policy_handbook_v2::p0005::i0000::efdcaf0bd522,"4. Password and Authentication Policy All employees must use strong passwords for all company systems. Passwords must meet the following minimum requirements: at least 8 characters in length, containing at least one uppercase letter, one lowercase letter, one number, and one special character. Passwords must be changed every 90 days.",335
internal_policy_handbook_v2,internal_policy_handbook_v2.pdf,5,1,internal_policy_handbook_v2::p0005::i0001::33c21bb359ec,The system will enforce this automatically by prompting users 14 days before expiration. Employees who fail to change their password by the deadline will be locked out until IT Support resets their credentials. Password reuse is prohibited for the last 12 passwords.,266
internal_policy_handbook_v2,internal_policy_handbook_v2.pdf,5,2,internal_policy_handbook_v2::p0005::i0002::15202f861778,"Common passwords, dictionary words, and passwords containing the user's name or employee ID are blocked by the password policy engine. Multi-factor authentication (MFA) is mandatory for all remote access, VPN connections, and access to CONFIDENTIAL or RESTRICTED systems. MFA tokens must be registered with IT Security before first use.",336
internal_policy_handbook_v2,internal_policy_handbook_v2.pdf,5,3,internal_policy_handbook_v2::p0005::i0003::ab1eec4f856f,"Sharing passwords with colleagues, contractors, or third parties is strictly prohibited, regardless of seniority or business justification. Each user account is tied to a single individual for audit purposes. After 5 consecutive failed login attempts, the account will be locked for 30 minutes.",294
internal_policy_handbook_v2,internal_policy_handbook_v2.pdf,5,4,internal_policy_handbook_v2::p0005::i0004::87fb8ce42ed5,"After 10 consecutive failures within 24 hours, the account is permanently locked and requires IT Security intervention. Employees must not write passwords on paper, sticky notes, or store them in unencrypted digital files. Use of the company-approved password manager (currently LastPass Enterprise) is mandatory.",313
internal_policy_handbook_v2,internal_policy_handbook_v2.pdf,6,0,internal_policy_handbook_v2::p0006::i0000::4faaf4d92b00,"5. Access Control and Authorisation Access to CONFIDENTIAL and RESTRICTED systems is granted on a need-to-know basis, approved by the data owner and verified by IT Security. All access requests must be submitted via the Access Request Portal (ITS-003). Access privileges are reviewed quarterly by the Access Review Board. Unused accounts (no login for 60 days) are automatically disabled.",388
internal_policy_handbook_v2,internal_policy_handbook_v2.pdf,6,1,internal_policy_handbook_v2::p0006::i0001::5fb8c7ca2c0a,"Accounts of departing employees are suspended on their last working day and deleted after 90 days. Privileged accounts (administrator, root, service accounts) require additional controls including enhanced logging, session recording, and bi-annual access recertification. Privileged access must not be used for routine tasks.",325
internal_policy_handbook_v2,internal_policy_handbook_v2.pdf,6,2,internal_policy_handbook_v2::p0006::i0002::968513726043,External contractors and consultants are granted temporary access with a maximum duration of 90 days. Extensions require re-approval from the sponsoring department and IT Security. Third-party access to company systems must be governed by a signed Non-Disclosure Agreement (NDA) and a Data Processing Agreement (DPA) where applicable.,334
internal_policy_handbook_v2,internal_policy_handbook_v2.pdf,6,3,internal_policy_handbook_v2::p0006::i0003::5b4b8c969633,Segregation of duties must be maintained: no single individual should have end-to-end control over a critical process without compensating controls. IT Security conducts annual SoD reviews.,189
internal_policy_handbook_v2,internal_policy_handbook_v2.pdf,7,0,internal_policy_handbook_v2::p0007::i0000::4318c9582a70,6. Incident Response and Data Breach Procedures All suspected security incidents must be reported to the Security Operations Centre (SOC) within 1 hour of discovery via email (soc@company.com) or the incident hotline (ext. 9999). Failure to report promptly is itself a policy violation.,286
internal_policy_handbook_v2,internal_policy_handbook_v2.pdf,7,1,internal_policy_handbook_v2::p0007::i0001::c32c457ea545,"The Incident Response Team (IRT) will triage all reported incidents within 4 hours and classify them as P1 (Critical), P2 (High), P3 (Medium), or P4 (Low) based on impact and scope. P1 incidents (confirmed data breach, ransomware, system compromise) trigger the Major Incident Protocol: automatic escalation to the CISO, legal counsel, and the board.",350
internal_policy_handbook_v2,internal_policy_handbook_v2.pdf,7,2,internal_policy_handbook_v2::p0007::i0002::eb2fcb71fe82,"External communication is managed exclusively by the Communications team. All P1 and P2 incidents require a Root Cause Analysis (RCA) report within 10 working days. The RCA must identify contributing factors, remediation steps, and preventive measures. Lessons learned are shared anonymously at the monthly Security Forum.",322
internal_policy_handbook_v2,internal_policy_handbook_v2.pdf,7,3,internal_policy_handbook_v2::p0007::i0003::03fcb10e88c0,"In the event of a personal data breach, the Data Protection Officer (DPO) must be notified immediately. The DPO will determine whether notification to the ICO (Information Commissioner's Office) is required within the statutory 72-hour window. All employees must cooperate fully with incident investigations.",308
internal_policy_handbook_v2,internal_policy_handbook_v2.pdf,7,4,internal_policy_handbook_v2::p0007::i0004::44c5ec0e0504,"Attempting to conceal, minimise, or delay reporting of a security incident will be treated as gross misconduct. Incident logs are retained for 7 years for audit and regulatory compliance purposes.",196
internal_policy_handbook_v2,internal_policy_handbook_v2.pdf,8,0,internal_policy_handbook_v2::p0008::i0000::d1d53fadf698,"7. Training and Awareness Requirements All employees must complete mandatory security awareness training annually. New starters must complete the training within 30 days of joining. The training covers phishing recognition, data handling, password hygiene, and incident reporting. Department heads are responsible for ensuring 100% completion rates within their teams.",368
internal_policy_handbook_v2,internal_policy_handbook_v2.pdf,8,1,internal_policy_handbook_v2::p0008::i0001::4df55ab7a272,"Completion status is tracked via the Learning Management System (LMS) and reported to the Security Committee quarterly. Employees handling CONFIDENTIAL or RESTRICTED data must complete enhanced data protection training, including GDPR fundamentals and sector-specific compliance requirements. Phishing simulation exercises are conducted monthly.",345
internal_policy_handbook_v2,internal_policy_handbook_v2.pdf,8,2,internal_policy_handbook_v2::p0008::i0002::cb6969c05110,Employees who fail two consecutive simulations are required to attend a mandatory 2-hour remedial workshop facilitated by IT Security. Training content is updated annually by the Security Awareness team in collaboration with HR. Feedback from previous programmes and emerging threat intelligence inform content revisions.,321
internal_policy_handbook_v2,internal_policy_handbook_v2.pdf,8,3,internal_policy_handbook_v2::p0008::i0003::85b04a762dab,"Managers are required to complete an additional leadership security module covering their responsibilities for team compliance, access review, and incident escalation.",167
internal_policy_handbook_v2,internal_policy_handbook_v2.pdf,9,0,internal_policy_handbook_v2::p0009::i0000::40d044dc00be,"8. Acceptable Use of IT Resources Company IT resources, including email, internet, software, and hardware, are provided for business purposes. Limited personal use is permitted provided it does not interfere with work duties, consume excessive bandwidth, or create security risks. Installation of unauthorised software on company devices is prohibited.",352
internal_policy_handbook_v2,internal_policy_handbook_v2.pdf,9,1,internal_policy_handbook_v2::p0009::i0001::473f875998b1,"All software must be deployed through the company software catalogue, managed by the IT Service Desk. USB storage devices may be used only with prior approval from IT Security and must be encrypted using company-approved encryption tools. Unencrypted USB devices are blocked by endpoint protection software.",307
internal_policy_handbook_v2,internal_policy_handbook_v2.pdf,9,2,internal_policy_handbook_v2::p0009::i0002::ce6d3e2ae985,"Company email must not be used for personal financial transactions, political campaigning, religious solicitation, or distribution of offensive material. All email is subject to monitoring and archiving for compliance purposes. Internet browsing is filtered by category. Access to known malicious sites, gambling platforms, adult content, and anonymous proxy services is blocked.",379
internal_policy_handbook_v2,internal_policy_handbook_v2.pdf,9,3,internal_policy_handbook_v2::p0009::i0003::e566f3977d51,"Employees may request category exceptions through the IT Service Desk with business justification. Circumventing security controls, including proxy bypass, VPN tunnelling to external services, or disabling endpoint protection, constitutes a serious policy violation. Employees must immediately report any suspicious emails, attachments, or links to the SOC.",357
internal_policy_handbook_v2,internal_policy_handbook_v2.pdf,9,4,internal_policy_handbook_v2::p0009::i0004::3c0e386f6828,"If in doubt, do not click -- forward the message to phishing@company.com. Company-provided mobile devices must be enrolled in the Mobile Device Management (MDM) solution. Remote wipe capability is enabled on all managed devices.",228
internal_policy_handbook_v2,internal_policy_handbook_v2.pdf,10,0,internal_policy_handbook_v2::p0010::i0000::1bc27ce27388,"9. Physical Security All office locations must maintain appropriate physical security controls including CCTV, access badge systems, and reception staffing during business hours. Employee badges must be worn visibly at all times within company premises. Tailgating -- allowing unauthorised individuals to enter through controlled doors -- is prohibited.",353
internal_policy_handbook_v2,internal_policy_handbook_v2.pdf,10,1,internal_policy_handbook_v2::p0010::i0001::a429d2df3997,"Report tailgating incidents to Facilities immediately. The server room and data centre areas are classified as Restricted Zones. Access is limited to authorised IT Operations staff and requires both badge access and biometric verification. Visitors to the office must sign in at reception, receive a visitor badge, and be escorted by their host at all times.",358
internal_policy_handbook_v2,internal_policy_handbook_v2.pdf,10,2,internal_policy_handbook_v2::p0010::i0002::ce27530db5f5,"Visitors must never be left unattended in any area. Visitor badges must be returned upon departure. Visitors are never permitted in Restricted Zones (server rooms, data centres, security operations centre) under any circumstances, regardless of the visitor's seniority or purpose of visit. Clean desk policy is mandatory in all open-plan areas.",344
internal_policy_handbook_v2,internal_policy_handbook_v2.pdf,10,3,internal_policy_handbook_v2::p0010::i0003::43c21606f16d,"At the end of each working day, employees must: clear all documents from desks, lock filing cabinets, lock computer screens, and secure any removable media in locked storage. Sensitive documents must be disposed of using cross-cut shredders provided on each floor. Regular waste bins must not be used for any documents containing company data.",343
internal_policy_handbook_v2,internal_policy_handbook_v2.pdf,10,4,internal_policy_handbook_v2::p0010::i0004::bfc7f67ee4e8,Building access outside normal business hours (07:00-20:00) requires pre-authorisation from the department head and must be logged with Facilities.,147
internal_policy_handbook_v2,internal_policy_handbook_v2.pdf,11,0,internal_policy_handbook_v2::p0011::i0000::8fcca5a66916,10. Record Retention and Disposal Company records must be retained in accordance with the Record Retention Schedule published by the Legal department. The retention schedule specifies minimum and maximum retention periods by document category. Financial records: minimum 7 years from the end of the financial year. Employee personnel records: minimum 6 years after employment ends.,381
internal_policy_handbook_v2,internal_policy_handbook_v2.pdf,11,1,internal_policy_handbook_v2::p0011::i0001::e39835111609,"Contracts: 6 years after expiry. Board minutes: indefinite retention. Health and safety records, including accident reports and risk assessments, must be retained for 40 years from the date of the event. Electronic records must be stored in approved document management systems with appropriate access controls and audit trails.",328
internal_policy_handbook_v2,internal_policy_handbook_v2.pdf,11,2,internal_policy_handbook_v2::p0011::i0002::efe2f14d1100,"Local storage of records on desktop computers or personal drives is not permitted for compliance-critical documents. When the retention period expires, records must be disposed of securely. Paper records are shredded by the approved disposal contractor. Electronic records are deleted using certified data sanitisation tools that meet DoD 5220.22-M standards.",359
internal_policy_handbook_v2,internal_policy_handbook_v2.pdf,11,3,internal_policy_handbook_v2::p0011::i0003::f1610369f612,"Ad hoc deletion of records outside the retention schedule is prohibited unless authorised by the Legal department. In the event of litigation or regulatory investigation, a legal hold may be placed to suspend normal disposal. All destruction activities must be logged, including: document type, classification, volume, method of destruction, date, and the name of the responsible employee.",389
internal_policy_handbook_v2,internal_policy_handbook_v2.pdf,12,0,internal_policy_handbook_v2::p0012::i0000::8c990442c9de,"11. Cloud Services and Storage Only cloud storage services approved by the IT department may be used for company data. The current approved services are Microsoft 365 (SharePoint, OneDrive), the corporate AWS tenancy, and Confluence for documentation.",251
internal_policy_handbook_v2,internal_policy_handbook_v2.pdf,12,1,internal_policy_handbook_v2::p0012::i0001::c7df2f0fd915,"Use of personal cloud storage services (Google Drive, Dropbox, iCloud, etc.) for company data is strictly prohibited, regardless of the classification level. All data stored in cloud services must comply with the Data Classification Policy (Section 3). RESTRICTED data may only be stored in the dedicated encrypted zone within the corporate AWS tenancy.",353
internal_policy_handbook_v2,internal_policy_handbook_v2.pdf,12,2,internal_policy_handbook_v2::p0012::i0002::80abfc6468f1,Cloud services must be configured by IT Operations in accordance with security baselines. Self-provisioning of cloud resources by business users is not permitted without IT Security approval. Backup and disaster recovery for cloud-hosted data is managed by IT Operations. Business-critical data is backed up daily with 30-day retention. Recovery Point Objective (RPO): 4 hours.,377
internal_policy_handbook_v2,internal_policy_handbook_v2.pdf,12,3,internal_policy_handbook_v2::p0012::i0003::d3d8ef5483bf,"Recovery Time Objective (RTO): 8 hours. Cloud provider selection and onboarding requires a Security Assessment conducted by IT Security, covering: data residency, encryption, access controls, certifications (SOC 2, ISO 27001), and incident notification commitments.",265
internal_policy_handbook_v2,internal_policy_handbook_v2.pdf,13,0,internal_policy_handbook_v2::p0013::i0000::0e461b7f55bc,"12. Compliance and Consequences All employees are expected to comply with the policies in this handbook. Ignorance of a policy is not an acceptable defence -- employees are responsible for reading and understanding all relevant policies. Policy violations will be investigated by the relevant department in collaboration with HR and, where appropriate, Legal.",359
internal_policy_handbook_v2,internal_policy_handbook_v2.pdf,13,1,internal_policy_handbook_v2::p0013::i0001::9168698ee976,"Investigations will follow the Disciplinary Procedure outlined in the Employee Handbook. Minor violations (first occurrence, low impact, no malicious intent) will typically result in a verbal warning and mandatory refresher training.",233
internal_policy_handbook_v2,internal_policy_handbook_v2.pdf,13,2,internal_policy_handbook_v2::p0013::i0002::16cab4d3200b,"Moderate violations (repeat offences, negligent data handling, failure to follow procedures) may result in a written warning, temporary access restrictions, and enhanced monitoring. Serious violations (intentional data theft, deliberate security bypass, harassment, fraud) will result in immediate suspension pending investigation.",331
internal_policy_handbook_v2,internal_policy_handbook_v2.pdf,13,3,internal_policy_handbook_v2::p0013::i0003::2fbc77d67df8,"Confirmed serious violations may lead to summary dismissal and, where applicable, criminal referral. Managers are responsible for enforcing policy compliance within their teams. Failure to address known violations by direct reports may itself constitute a policy violation. An annual compliance audit is conducted by Internal Audit.",332
internal_policy_handbook_v2,internal_policy_handbook_v2.pdf,13,4,internal_policy_handbook_v2::p0013::i0004::b70ab5dc8c35,"Departments with significant non-compliance findings receive enhanced oversight and must submit remediation plans within 30 days. The Compliance Committee, chaired by the Chief Compliance Officer, reviews policy effectiveness quarterly and recommends amendments based on audit findings, incident trends, and regulatory changes.",327
internal_policy_handbook_v2,internal_policy_handbook_v2.pdf,14,0,internal_policy_handbook_v2::p0014::i0000::22101d8d9bb7,"13. Bring Your Own Device (BYOD) Policy Employees may use personal devices (smartphones, tablets, laptops) for work purposes subject to the conditions in this section. BYOD enrolment requires completion of the BYOD Agreement Form (IT-012) and device registration with IT Security. All BYOD devices must be enrolled in the company Mobile Device Management (MDM) solution.",370
internal_policy_handbook_v2,internal_policy_handbook_v2.pdf,14,1,internal_policy_handbook_v2::p0014::i0001::57e8f6f4cafc,"MDM enables remote data wipe of company data containers without affecting personal data. BYOD devices must meet minimum security requirements: current operating system version (within 2 major releases), device encryption enabled, screen lock with PIN/biometric, no jailbreaking or rooting. Company data on BYOD devices is segregated in a secure container managed by the MDM solution.",383
internal_policy_handbook_v2,internal_policy_handbook_v2.pdf,14,2,internal_policy_handbook_v2::p0014::i0002::051345293182,"Personal apps cannot access data within the secure container. The company reserves the right to remotely wipe the secure container if the device is lost, stolen, or if the employee leaves the company. Personal data outside the container is not affected. BYOD devices must not be used to store RESTRICTED data under any circumstances.",333
internal_policy_handbook_v2,internal_policy_handbook_v2.pdf,14,3,internal_policy_handbook_v2::p0014::i0003::c79e6cb648ff,CONFIDENTIAL data may only be accessed (not downloaded) through the secure container. Employees are responsible for the physical security of their personal devices. Lost or stolen devices must be reported to IT Security within 2 hours.,235
internal_policy_handbook_v2,internal_policy_handbook_v2.pdf,15,0,internal_policy_handbook_v2::p0015::i0000::6df99b46d995,14. Travel and International Working Policy Employees travelling internationally on company business must comply with additional security requirements. Travel to high-risk countries (list maintained by IT Security) requires pre-approval from the CISO. A clean/loaner device must be used for travel to high-risk countries. Employees must not take their primary work device.,372
internal_policy_handbook_v2,internal_policy_handbook_v2.pdf,15,1,internal_policy_handbook_v2::p0015::i0001::d2998ba49253,Loaner devices are available from IT Security with 5 working days notice. All data on travel devices must be encrypted with full-disk encryption. Sensitive data should be accessed via cloud services rather than stored locally on the device. Public Wi-Fi networks must not be used for any company business. The corporate VPN must be active at all times when using hotel or conference Wi-Fi.,389
internal_policy_handbook_v2,internal_policy_handbook_v2.pdf,15,2,internal_policy_handbook_v2::p0015::i0002::e695f02f6cd9,"Mobile hotspot is the preferred connection method. Upon return from high-risk travel, loaner devices must be returned to IT Security for forensic inspection before being reissued. Any personal devices used during travel should be submitted for voluntary scanning.",263
internal_policy_handbook_v2,internal_policy_handbook_v2.pdf,15,3,internal_policy_handbook_v2::p0015::i0003::dd20768553c8,"Border control access to devices: if authorities request to inspect device contents, employees should comply but report the inspection to the Legal team and IT Security immediately upon return. Employees must avoid discussing CONFIDENTIAL or RESTRICTED information in public settings (hotel lobbies, airports, restaurants) where conversations could be overheard.",362
internal_policy_handbook_v2,internal_policy_handbook_v2.pdf,16,0,internal_policy_handbook_v2::p0016::i0000::7031df474a89,"15. Software Development and Change Management All software changes to production systems must follow the Change Management process defined in ITIL Change Management Procedure (ITSM-005). Standard changes (pre-approved, low-risk) can proceed through the automated deployment pipeline. Normal changes require a Change Request (CR) approved by the Change Advisory Board (CAB) at their weekly meeting.",398
internal_policy_handbook_v2,internal_policy_handbook_v2.pdf,16,1,internal_policy_handbook_v2::p0016::i0001::e63c4a2d9475,Emergency changes bypass the normal CAB process but require retrospective approval within 48 hours. The Emergency Change Manager (on-call IT Operations lead) must authorise all emergency changes before implementation. All code changes must undergo peer review before merging.,275
internal_policy_handbook_v2,internal_policy_handbook_v2.pdf,16,2,internal_policy_handbook_v2::p0016::i0002::ac7686c0b794,"The minimum review requirement is one independent reviewer for standard changes and two reviewers for changes affecting security-sensitive components. Deployment to production occurs only during approved maintenance windows (Tuesdays and Thursdays, 22:00-02:00 GMT) unless an emergency change is authorised. Deployments must include a rollback plan.",349
internal_policy_handbook_v2,internal_policy_handbook_v2.pdf,16,3,internal_policy_handbook_v2::p0016::i0003::b1a57efd1cfa,"Security-sensitive code changes (authentication, authorisation, encryption, data handling) require additional review by a member of the Security Engineering team before approval. All changes are tracked in the ITSM tool with full audit trail: requester, approver(s), implementation date, test results, and post-deployment verification.",335
internal_policy_handbook_v2,internal_policy_handbook_v2.pdf,17,0,internal_policy_handbook_v2::p0017::i0000::7e5507484069,"16. Anti-Bribery and Corruption Policy The company has a zero-tolerance policy towards bribery and corruption in all its forms. This policy applies to all employees, directors, contractors, and agents acting on behalf of the company. Employees must not offer, promise, give, request, or accept any bribe, whether in cash, gifts, hospitality, or other inducements, in connection with company business.",400
internal_policy_handbook_v2,internal_policy_handbook_v2.pdf,17,1,internal_policy_handbook_v2::p0017::i0001::66b2f991f2d1,"Gifts and hospitality may be given or received only if they are reasonable, proportionate, and given openly. All gifts or hospitality with a value exceeding 50 GBP must be declared in the Gifts and Hospitality Register and approved by the Line Manager and Compliance team.",272
internal_policy_handbook_v2,internal_policy_handbook_v2.pdf,17,2,internal_policy_handbook_v2::p0017::i0002::86a36206d540,"Facilitation payments -- small payments to officials to speed up routine processes -- are prohibited regardless of local custom or practice. Any request for such a payment must be reported to the Legal team. Due diligence must be conducted on all third-party partners, agents, and intermediaries before engagement.",314
internal_policy_handbook_v2,internal_policy_handbook_v2.pdf,17,3,internal_policy_handbook_v2::p0017::i0003::c08d45f35be8,Enhanced due diligence is required for partners in countries with a Corruption Perception Index score below 50. Employees who suspect bribery or corruption should report their concerns through the confidential whistleblowing hotline (0800-ETHICS) or to the Ethics Committee. Reports can be made anonymously. The company prohibits retaliation against whistleblowers.,365
internal_policy_handbook_v2,internal_policy_handbook_v2.pdf,18,0,internal_policy_handbook_v2::p0018::i0000::2397f1492705,"17. Environmental and Sustainability Policy The company is committed to minimising its environmental impact and operating sustainably. This policy sets out the environmental standards expected of all employees and departments. All offices must participate in the company recycling programme, separating waste into general, paper, plastics, and electronic waste streams.",369
internal_policy_handbook_v2,internal_policy_handbook_v2.pdf,18,1,internal_policy_handbook_v2::p0018::i0001::b2fe32907cad,"Electronic waste must be disposed of through the approved WEEE disposal contractor. Energy conservation measures include: automatic light sensors in meeting rooms and corridors, default screen timeout of 5 minutes on all company devices, and heating/cooling set to 20-22 degrees Celsius during business hours. Business travel should be minimised where video conferencing is a viable alternative.",395
internal_policy_handbook_v2,internal_policy_handbook_v2.pdf,18,2,internal_policy_handbook_v2::p0018::i0002::fb1801c89096,"When travel is necessary, rail transport is preferred over air travel for domestic journeys under 300 miles. Each department must appoint a Sustainability Champion responsible for promoting environmental awareness and tracking departmental energy and waste metrics.",265
internal_policy_handbook_v2,internal_policy_handbook_v2.pdf,18,3,internal_policy_handbook_v2::p0018::i0003::fbab492ac655,"An annual Environmental Impact Report is published by the Facilities team, covering carbon emissions, waste volumes, and progress against sustainability targets.",161
dpia_guide,dpia_guide.pdf,1,0,dpia_guide::p0001::i0000::084629488e46,Data Protection Impact Assessment Guide Version 2.0 - January 2025 Classification: INTERNAL,91
dpia_guide,dpia_guide.pdf,2,0,dpia_guide::p0002::i0000::92858be7e810,"1. Introduction to DPIA A Data Protection Impact Assessment (DPIA) is a process designed to identify and minimise data protection risks arising from a project, system, or process that involves personal data. Under the UK GDPR, a DPIA is mandatory when processing is likely to result in a high risk to the rights and freedoms of individuals.",340
dpia_guide,dpia_guide.pdf,2,1,dpia_guide::p0002::i0001::d91b05d3d9c3,"This includes: systematic monitoring of publicly accessible areas, large-scale processing of special category data, and automated decision-making with legal effects. Even when a DPIA is not legally required, the company policy is to conduct one for any new system or significant change that processes personal data, to demonstrate accountability and compliance with data protection principles.",393
dpia_guide,dpia_guide.pdf,3,0,dpia_guide::p0003::i0000::2be7a6173462,2. When is a DPIA Required? A DPIA must be conducted before the processing begins. It should be initiated at the planning stage of any project to allow findings to influence the design.,185
dpia_guide,dpia_guide.pdf,3,1,dpia_guide::p0003::i0001::43221c9c8b2c,"Mandatory DPIA triggers include: introduction of new technology for processing personal data, processing special categories of data on a large scale, systematic monitoring of employees, data sharing with new third parties, and cross-border data transfers. The Data Protection Officer (DPO) must be consulted on all DPIAs.",321
dpia_guide,dpia_guide.pdf,3,2,dpia_guide::p0003::i0002::3b55b02d188b,"The DPO reviews the assessment for completeness, adequacy of risk mitigation measures, and compliance with the data protection policy. If a DPIA identifies residual high risks that cannot be mitigated, the processing must not proceed without consultation with the Information Commissioner's Office (ICO) under Article 36 of the UK GDPR.",336
dpia_guide,dpia_guide.pdf,4,0,dpia_guide::p0004::i0000::f474a88a8052,"3. DPIA Process Step 1 -- Describe the Processing: Document what personal data is collected, from whom, for what purpose, how it is stored, who has access, and how long it is retained. Include data flow diagrams where helpful. Step 2 -- Assess Necessity and Proportionality: Evaluate whether the processing is necessary for the stated purpose and whether less intrusive alternatives exist.",389
dpia_guide,dpia_guide.pdf,4,1,dpia_guide::p0004::i0001::60603b61f636,"Document the lawful basis for processing. Step 3 -- Identify and Assess Risks: Consider risks to individuals including: unauthorised access, data loss, inaccuracy, unfair processing, loss of control, and discrimination. Rate each risk by likelihood and severity.",262
dpia_guide,dpia_guide.pdf,4,2,dpia_guide::p0004::i0002::7d1a6934dc75,"Step 4 -- Identify Measures to Mitigate Risk: For each identified risk, document specific technical and organisational measures to reduce the risk to an acceptable level. Examples include encryption, access controls, pseudonymisation, and training. Step 5 -- Record Outcomes: Complete the DPIA template (DP-001), recording all findings, decisions, and mitigations.",364
dpia_guide,dpia_guide.pdf,4,3,dpia_guide::p0004::i0003::81649cb24ae8,"The completed DPIA must be reviewed and signed by the project owner, the DPO, and the Information Asset Owner. Step 6 -- Review and Update: DPIAs are living documents and must be reviewed when the processing changes, when new risks emerge, or at least annually. Material changes require a DPIA addendum rather than a completely new assessment.",343
dpia_guide,dpia_guide.pdf,5,0,dpia_guide::p0005::i0000::e61614e98e95,"4. DPIA Template Fields The DPIA template (DP-001) contains the following sections: Project Overview, Data Items and Categories, Lawful Basis, Data Subjects, Data Flows, Retention Periods, Third-Party Sharing, International Transfers, Security Measures, Risk Assessment Matrix, Mitigation Measures, DPO Consultation Notes, and Sign-off. Each section must be completed in full.",376
dpia_guide,dpia_guide.pdf,5,1,dpia_guide::p0005::i0001::a084f4690379,"Incomplete DPIAs will be returned by the DPO for revision. Average completion time for a standard DPIA is 4-6 hours; complex DPIAs may require 2-3 weeks. The Risk Assessment Matrix uses a 5x5 grid (Likelihood x Impact), with risk levels colour-coded: Green (acceptable), Amber (requires mitigation), Red (requires senior management approval), and Black (must not proceed without ICO consultation).",397
dpia_guide,dpia_guide.pdf,6,0,dpia_guide::p0006::i0000::cd80757c80bd,"5. Roles and Responsibilities Project Owner: responsible for initiating the DPIA, providing accurate information about the processing, implementing approved mitigations, and maintaining the DPIA record throughout the project lifecycle.",235
dpia_guide,dpia_guide.pdf,6,1,dpia_guide::p0006::i0001::6e74bd76ba04,"Data Protection Officer: provides independent advice on the DPIA process, reviews completed assessments, escalates high-risk processing to the ICO where required, and maintains the central DPIA register. Information Asset Owner: confirms the accuracy of data asset descriptions, approves the security measures proposed, and ensures ongoing compliance with DPIA conditions.",372
dpia_guide,dpia_guide.pdf,6,2,dpia_guide::p0006::i0002::73884001cfbf,"IT Security: advises on technical security measures, reviews proposed architectures for security adequacy, and validates that security controls are implemented as specified in the DPIA. All completed DPIAs are stored in the central DPIA Register maintained by the DPO's office. The register is audited annually by Internal Audit.",329
it_security_addendum_2025,it_security_addendum_2025.pdf,1,0,it_security_addendum_2025::p0001::i0000::c97033220ded,IT Security Addendum Version 2.0 - January 2025 Classification: INTERNAL,72
it_security_addendum_2025,it_security_addendum_2025.pdf,2,0,it_security_addendum_2025::p0002::i0000::ab99db463f25,"1. Purpose and Scope This IT Security Addendum provides supplementary security guidance issued by the Chief Information Security Officer. Where this addendum conflicts with existing policy documents, the addendum takes precedence as the most recently published guidance. This addendum applies to all employees, contractors, temporary staff, and third-party users of company IT systems.",385
it_security_addendum_2025,it_security_addendum_2025.pdf,2,1,it_security_addendum_2025::p0002::i0001::265cc8e324a2,"Compliance is mandatory and will be audited quarterly by the IT Security team. This addendum was developed following the annual security risk assessment (December 2024) and reflects updated threat landscape analysis, penetration testing findings, and regulatory changes.",270
it_security_addendum_2025,it_security_addendum_2025.pdf,3,0,it_security_addendum_2025::p0003::i0000::d2a928aa94b0,"2. Enhanced Password Requirements Following a recent security audit, the following enhanced password requirements supersede Section 4 of the Internal Policy Handbook. All passwords must now be a minimum of 12 characters in length (increased from 8 characters). Password rotation period is reduced to 30 days for all users (previously 90 days). Privileged accounts must rotate passwords every 14 days.",400
it_security_addendum_2025,it_security_addendum_2025.pdf,3,1,it_security_addendum_2025::p0003::i0001::327dc7c43423,"Automated rotation is enforced through the Identity Management platform. Passphrases are now accepted and encouraged as an alternative to traditional passwords. A passphrase must contain at least 4 words and a minimum of 20 characters. The first character of each word must be capitalised. Failed login threshold is reduced to 3 attempts (from 5), after which the account is locked for 60 minutes.",397
it_security_addendum_2025,it_security_addendum_2025.pdf,3,2,it_security_addendum_2025::p0003::i0002::b32589373617,IT Security may override this lockout for critical operational accounts on a case-by-case basis.,96
it_security_addendum_2025,it_security_addendum_2025.pdf,4,0,it_security_addendum_2025::p0004::i0000::66b6d23278dd,"3. Network Access and Remote Connectivity Access to company systems from public Wi-Fi networks is now strictly prohibited, including when using VPN. Employees must use either the corporate network, a company-provided mobile hotspot, or a personal mobile data connection. All remote access sessions are limited to a maximum of 8 hours and require re-authentication.",364
it_security_addendum_2025,it_security_addendum_2025.pdf,4,1,it_security_addendum_2025::p0004::i0001::6729c3546e07,"Session recording is enabled for all privileged remote access sessions. Split-tunnel VPN configurations are no longer permitted. All network traffic from company devices must route through the corporate VPN, regardless of destination. Network access from personal devices is restricted to the Guest network segment, which provides internet-only access with no connectivity to internal systems.",393
it_security_addendum_2025,it_security_addendum_2025.pdf,4,2,it_security_addendum_2025::p0004::i0002::87db499800ff,"Access to internal systems from personal devices requires BYOD enrolment (Section 13 of the handbook). Geographic access restrictions are now enforced: access from outside the UK, EU, and US requires pre-authorisation from IT Security, submitted at least 72 hours in advance.",275
it_security_addendum_2025,it_security_addendum_2025.pdf,5,0,it_security_addendum_2025::p0005::i0000::6eabd902931d,"4. USB and Removable Media Effective immediately, USB storage devices are prohibited on all company endpoints. This supersedes the previous policy permitting encrypted USB devices with IT Security approval. This prohibition includes USB flash drives, external hard drives, SD cards, and any other removable storage media. USB ports on company devices are disabled via endpoint protection policy.",395
it_security_addendum_2025,it_security_addendum_2025.pdf,5,1,it_security_addendum_2025::p0005::i0001::8128e3a48c24,"Exceptions may be granted only by the CISO for documented operational requirements. Exception requests must include business justification, risk assessment, and proposed compensating controls. Approved exceptions are valid for a maximum of 30 days. Data transfer between systems must use approved secure channels: SFTP, encrypted email, or approved cloud storage services.",372
it_security_addendum_2025,it_security_addendum_2025.pdf,5,2,it_security_addendum_2025::p0005::i0002::428ac0906786,"Physical media transfer of any kind requires CISO approval. USB peripherals (keyboards, mice, headsets) remain permitted but must be non-storage devices. IT Security maintains an approved peripherals list.",205
it_security_addendum_2025,it_security_addendum_2025.pdf,6,0,it_security_addendum_2025::p0006::i0000::ebbe0ac102b2,"5. Visitor Access to Secure Areas Visitors may be granted temporary escorted access to secure areas, including server rooms, under the following conditions: the visit is pre-approved by the IT Operations Manager, a documented business justification is provided, and the visitor is escorted by an authorised employee at all times.",329
it_security_addendum_2025,it_security_addendum_2025.pdf,6,1,it_security_addendum_2025::p0006::i0001::2de87d1b4bda,"This supersedes the blanket prohibition on visitor access to Restricted Zones. The updated policy recognises that certain maintenance activities (HVAC servicing, electrical inspections, fire safety assessments) require third-party access. Visitor access to server rooms is limited to a maximum of 4 hours per visit.",315
it_security_addendum_2025,it_security_addendum_2025.pdf,6,2,it_security_addendum_2025::p0006::i0002::7973e328680d,"All visitor activities in Restricted Zones must be logged in real-time by the escort using the Visitor Activity Log (FA-008). Visitors must not bring electronic devices (phones, laptops, cameras) into Restricted Zones without prior written approval from the CISO. All approved devices must be inspected and logged before entry.",327
it_security_addendum_2025,it_security_addendum_2025.pdf,6,3,it_security_addendum_2025::p0006::i0003::c0f6477bfc95,"Unescorted visitor access is never permitted under any circumstances, regardless of the visitor's role or purpose. Escorts must remain within visual line of sight of the visitor at all times.",191
it_security_addendum_2025,it_security_addendum_2025.pdf,7,0,it_security_addendum_2025::p0007::i0000::2e1e33ef9b59,"6. Training Frequency Security awareness training must be completed quarterly by all employees, superseding the annual requirement in the handbook. Quarterly training modules will be shorter (30 minutes each) but more frequent to improve retention.",248
it_security_addendum_2025,it_security_addendum_2025.pdf,7,1,it_security_addendum_2025::p0007::i0001::10416b99247d,"Each quarterly module will focus on a specific topic: Q1 -- Phishing and Social Engineering, Q2 -- Data Handling and Classification, Q3 -- Incident Response and Reporting, Q4 -- Physical Security and Clean Desk. Phishing simulation frequency is increased to weekly. Results are tracked per-department and published on the security dashboard.",341
it_security_addendum_2025,it_security_addendum_2025.pdf,7,2,it_security_addendum_2025::p0007::i0002::2222d06834aa,Departments consistently scoring below 90% pass rate receive targeted intervention. Employees who fail any phishing simulation must complete an additional 15-minute micro-learning module within 48 hours. Failure to complete remedial training within the deadline results in temporary email quarantine. New starters must complete the onboarding security module within 7 days (reduced from 30 days).,396
it_security_addendum_2025,it_security_addendum_2025.pdf,7,3,it_security_addendum_2025::p0007::i0003::2917f3634047,The module includes a practical assessment that must be passed with a score of 80% or higher.,93
it_security_addendum_2025,it_security_addendum_2025.pdf,8,0,it_security_addendum_2025::p0008::i0000::62b34b482a0a,"7. Data Sharing Approval Process For operational efficiency, sharing of INTERNAL-classified data with approved external partners does not require manager approval, superseding the general requirement in Section 3 of the handbook. A list of approved external partners is maintained by the Procurement team and published on the company intranet.",343
it_security_addendum_2025,it_security_addendum_2025.pdf,8,1,it_security_addendum_2025::p0008::i0001::e4c0ec5f558d,Partners on this list have signed appropriate NDAs and DPAs. Sharing of CONFIDENTIAL data externally always requires dual approval: the data owner and the CISO. Automated workflows in the DLP (Data Loss Prevention) system facilitate rapid approvals with target response time of 4 hours.,286
it_security_addendum_2025,it_security_addendum_2025.pdf,8,2,it_security_addendum_2025::p0008::i0002::de89668d0686,"All external data sharing, regardless of classification, must be logged in the Data Sharing Register maintained by the Data Governance team. The register records: date, data description, classification, recipient, method of transfer, and approver. RESTRICTED data may never be shared externally without board-level approval.",324
it_security_addendum_2025,it_security_addendum_2025.pdf,8,3,it_security_addendum_2025::p0008::i0003::f2aa763d4638,Digital sharing of RESTRICTED data requires the use of the company's secure data room solution with full audit logging.,119
it_security_addendum_2025,it_security_addendum_2025.pdf,9,0,it_security_addendum_2025::p0009::i0000::183a741f2188,"8. Encryption Standards Update Encryption of sensitive data at rest is mandatory for all CONFIDENTIAL and RESTRICTED data, using AES-256 or equivalent approved algorithms. This supersedes the more general encryption requirements in the handbook. Data in transit must be protected using TLS 1.3 or higher.",304
it_security_addendum_2025,it_security_addendum_2025.pdf,9,1,it_security_addendum_2025::p0009::i0001::94f54294107e,"TLS 1.2 is permitted only for legacy systems with a documented exception, which must be remediated within 6 months. Full-disk encryption is mandatory on all company endpoints (laptops, desktops, mobile devices). BitLocker (Windows) and FileVault (macOS) are the approved solutions. Recovery keys must be escrowed to the central key management system.",350
it_security_addendum_2025,it_security_addendum_2025.pdf,9,2,it_security_addendum_2025::p0009::i0002::bc360aab40fa,"Email encryption is required for all emails containing CONFIDENTIAL or RESTRICTED data. The approved solution (Microsoft 365 OME) provides automatic encryption based on sensitivity labels. Encryption key management must follow the Key Management Standard (ITS-009). Keys must be rotated annually, and key custodians must be registered with IT Security.",352
it_security_addendum_2025,it_security_addendum_2025.pdf,10,0,it_security_addendum_2025::p0010::i0000::2f11ad6d4db3,"9. Staff Attendance and Office Presence All employees are expected to maintain a minimum of 5 days per week in-office presence, effective from 1 February 2025. This supersedes the remote work provisions in Section 2 of the handbook. Exceptions to the in-office requirement will be considered on a case-by-case basis by the HR Director in consultation with the employee's line manager.",384
it_security_addendum_2025,it_security_addendum_2025.pdf,10,1,it_security_addendum_2025::p0010::i0001::eac0aebeadc4,Medical exemptions require occupational health documentation. Hot-desking is the default arrangement for all employees. Personal desk assignment is available only for employees with documented ergonomic or medical requirements. Core presence hours are 09:30-15:30. Arrival and departure flexibility is permitted outside these hours provided the standard 37.5-hour week is worked.,379
it_security_addendum_2025,it_security_addendum_2025.pdf,10,2,it_security_addendum_2025::p0010::i0002::c1185648ca2d,"Time tracking is managed through the corporate HRIS. Employees with existing remote work agreements (pre-dating this addendum) will transition to the new attendance requirement over a 3-month grace period, ending 30 April 2025.",227
it_security_addendum_2025,it_security_addendum_2025.pdf,11,0,it_security_addendum_2025::p0011::i0000::33e60f9cae3b,"10. Endpoint Detection and Response All company endpoints must have the approved EDR (Endpoint Detection and Response) agent installed and running. Currently, the approved solution is CrowdStrike Falcon. Employees must not disable, uninstall, or interfere with the EDR agent. Tampering with endpoint security software is treated as a serious policy violation.",359
it_security_addendum_2025,it_security_addendum_2025.pdf,11,1,it_security_addendum_2025::p0011::i0001::583a68e5dfd1,"The EDR system monitors for suspicious activities including: unusual process execution, lateral movement, privilege escalation, unauthorised network connections, and data exfiltration attempts. Alerts from the EDR system are triaged by the SOC. High-severity alerts trigger automatic device isolation pending investigation. Affected employees will be contacted by the SOC for interview.",386
it_security_addendum_2025,it_security_addendum_2025.pdf,11,2,it_security_addendum_2025::p0011::i0002::161ab3ee8096,Monthly endpoint compliance reports are generated and shared with department heads. Departments with less than 95% compliance on EDR deployment receive a formal non-compliance notice.,183
it_security_addendum_2025,it_security_addendum_2025.pdf,12,0,it_security_addendum_2025::p0012::i0000::91f09d5e0ab4,11. Secure Software Development All development teams must integrate security testing into their CI/CD pipelines. Static Application Security Testing (SAST) must be run on every Pull Request. Builds with Critical or High severity findings must not be merged. Dynamic Application Security Testing (DAST) must be run at least weekly against staging environments.,360
it_security_addendum_2025,it_security_addendum_2025.pdf,12,1,it_security_addendum_2025::p0012::i0001::bf457b1030af,"Findings are tracked in the vulnerability management platform and must be remediated within SLA. Dependency scanning must be enabled in all repositories. Libraries with known Critical vulnerabilities must be updated within 48 hours, High within 5 working days. Secrets management: hard-coding of credentials, API keys, or certificates in source code is prohibited.",364
it_security_addendum_2025,it_security_addendum_2025.pdf,12,2,it_security_addendum_2025::p0012::i0002::3aacdb1f0e2f,All secrets must be managed through the approved vault solution. Security architecture review is required for all new services and significant changes to existing services. Review requests must be submitted at least 10 working days before the planned deployment.,262
it_security_addendum_2025,it_security_addendum_2025.pdf,13,0,it_security_addendum_2025::p0013::i0000::b391aa03f395,12. Vulnerability Management Critical vulnerabilities must be patched within 24 hours of publication. High-severity vulnerabilities must be patched within 7 days. Medium and Low vulnerabilities must be patched within 30 days. Patching schedules are maintained by IT Operations. Emergency patches outside the normal maintenance window require Emergency Change authorisation.,373
it_security_addendum_2025,it_security_addendum_2025.pdf,13,1,it_security_addendum_2025::p0013::i0001::2d28575818bf,"Vulnerability scanning of all internet-facing systems occurs daily. Internal network scanning occurs weekly. Results feed into the vulnerability management dashboard. Systems that cannot be patched within SLA must have a documented risk acceptance, signed by the system owner and the CISO. Compensating controls must be implemented as specified by IT Security.",360
it_security_addendum_2025,it_security_addendum_2025.pdf,13,2,it_security_addendum_2025::p0013::i0002::173ec5e73a54,External penetration testing is conducted annually by an approved third-party provider. Internal red team exercises are conducted quarterly. Findings from both are tracked to remediation.,187
